#aspect_ratio,Rad,RadS,spindle_length,time[sec],spindle_length/(Rad*2)
1.0,60.000,60.000,41.026,13.250000
1.5,78.622,52.415,78.012,22.500000
2.0,95.244,47.622,117.496,33.400000
2.5,110.521,44.208,156.015,45.500000
3.0,124.805,41.602,192.307,58.400000
3.5,138.313,39.518,226.163,71.950000
