#aspect_ratio,Rad,RadS,spindle_length,time[sec],spindle_length/(Rad*2)
3.0,40.536,13.512,29.059,238.750000,0.358
3.1,41.432,13.365,29.301,239.100000,0.354
3.2,42.318,13.224,29.535,239.400000,0.349
3.3,43.195,13.089,29.761,239.750000,0.345
3.4,44.063,12.960,29.981,240.050000,0.340
